wordStem,wordFunction,value,pos
aufgeben,VAL,-0.4,VERB
verlassen,VAL,-0.4,VERB
entführen,VAL,-0.4,VERB
Entführung,VAL,-0.4,NOUN
verabscheuen,VAL,-0.6,VERB
Fähigkeit,VAL,0.4,NOUN
abwesend,VAL,-0.2,ADJ
entlassen,VAL,0.4,VERB
freisprechen,VAL,0.4,VERB
absolvieren,VAL,0.4,VERB
Absolvierung,VAL,0.4,NOUN
absorbieren,VAL,0.2,VERB
missbrauchen,VAL,-0.6,VERB
akzeptieren,VAL,0.2,VERB
Unfall,VAL,-0.4,NOUN
versehentlich,VAL,-0.4,ADJ
vollenden,VAL,0.4,VERB
vollbringen,VAL,0.4,VERB
Anschuldigung,VAL,-0.4,NOUN
anklagen,VAL,-0.4,NOUN
beschuldigen,VAL,-0.4,VERB
Schmerzen,VAL,-0.4,NOUN
erreichbar,VAL,0.2,ADJ
erbittert,VAL,-0.6,ADJ
aktiv,VAL,0.2,ADJ
anmessen,VAL,0.2,ADJ
bewundern,VAL,0.6,VERB
zugeben,VAL,-0.2,VERB
ermahnen,VAL,-0.4,VERB
adoptieren,VAL,0.2,VERB
anbetungswürdig,VAL,0.6,ADJ
verehren,VAL,0.6,VERB
fortschreiten,VAL,0.2,VERB
Vorteil,VAL,0.4,NOUN
Abenteuer,VAL,0.4,NOUN
abenteuerlich,VAL,0.4,ADJ
betreffen,VAL,-0.2,VERB
Zuneigung,VAL,0.6,NOUN
anhänglich,VAL,0.6,ADJ
beleidigen,VAL,-0.4,VERB
beunruhigen,VAL,-0.2,VERB
ängstlich,VAL,-0.4,ADJ
verschlimmern,VAL,-0.4,VERB
Aggression,VAL,-0.4,NOUN
aggressiv,VAL,-0.4,ADJ
erschrecken,VAL,-0.4,VERB
agonisiert,VAL,-0.6,ADJ
agonisieren,VAL,-0.6,VERB
quälen,VAL,-0.6,VERB
qualvoll,VAL,-0.6,ADJ
Qual,VAL,-0.6,NOUN
zustimmen,VAL,0.2,VERB
einverstanden,VAL,0.2,ADJ
Zustimmung,VAL,0.2,NOUN
alarmieren,VAL,-0.4,VERB
Alarmist,VAL,-0.4,NOUN
Alarmisten,VAL,-0.4,NOUN
leider,VAL,-0.2,ADV
Entfremdung,VAL,-0.4,NOUN
entfremden,VAL,-0.4,VERB
lebendig,VAL,0.2,ADJ
allergisch,VAL,-0.4,ADJ
erlauben,VAL,0.2,VERB
allein,VAL,-0.4,ADJ
verblüffen,VAL,0.4,VERB
erstaunen,VAL,0.4,ADJ
erstaunlich,VAL,0.8,ADJ
ehrgeizig,VAL,0.4,ADJ
ambivalent,VAL,-0.2,ADJ
amüsieren,VAL,0.6,VERB
Belustigung,VAL,0.6,NOUN
Vergnügung,VAL,0.6,NOUN
Wut,VAL,-0.6,NOUN
wüten,VAL,-0.6,VERB
wütend,VAL,-0.6,ADJ
Verärgerung,VAL,-0.6,NOUN
verärgern,VAL,-0.6,ADJ
Feindseligkeit,VAL,-0.4,NOUN
ärgern,VAL,-0.4,VERB
antagonistisch,VAL,-0.4,ADJ
Vorfreude,VAL,0.2,NOUN
apathisch,VAL,-0.6,ADJ
Apathie,VAL,-0.6,NOUN
apokalyptisch,VAL,-0.4,ADJ
entschuldigen,VAL,-0.2,VERB
entsetzen,VAL,-0.4,VERB
beschwichtigen,VAL,0.4,VERB
besänftigen,VAL,0.4,VERB
applaudieren,VAL,0.4,VERB
schätzen,VAL,0.4,VERB
Wertschätzung,VAL,0.4,NOUN
genehmigen,VAL,0.4,VERB
befürworten,VAL,0.4,VERB
eifrig,VAL,0.2,ADJ
verhaften,VAL,-0.4,VERB
arrogant,VAL,-0.4,ADJ
schämen,VAL,-0.4,VERB
Arsch,VAL,-0.8,NOUN
Meuchelmord,VAL,-0.6,NOUN
Attentat,VAL,-0.6,NOUN
Vermögenswert,VAL,0.4,NOUN
Arschloch,VAL,-0.8,NOUN
angreifen,VAL,-0.2,VERB
anziehen,VAL,0.2,VERB
Anziehung,VAL,0.4,NOUN
locken,VAL,0.2,VERB
kühn,VAL,0.6,ADJ
Autorität,VAL,0.2,NOUN
abwenden,VAL,-0.2,VERB
vermeiden,VAL,-0.2,VERB
abwarten,VAL,-0.2,VERB
erwarten,VAL,-0.2,VERB
vergeben,VAL,0.6,VERB
belohnen,VAL,0.6,VERB
furchtbar,VAL,-0.8,ADJ
peinlich,VAL,-0.4,ADJ
Axt,VAL,-0.2,NOUN
beiläufig,VAL,-0.2,ADJ
unterstützen,VAL,0.2,VERB
rückwärts,VAL,0.4,ADJ
zurück,VAL,0.2,ADJ
schlecht,VAL,-0.6,ADJ
knallhart,VAL,-0.6,ADJ
Rettungsaktion,VAL,-0.4,NOUN
verbieten,VAL,-0.4,VERB
verbannen,VAL,-0.2,VERB
bankrott,VAL,-0.6,ADJ
Bankraub,VAL,-0.6,NOUN
Bankräuber,VAL,-0.6,NOUN
Schnäppchen,VAL,0.4,NOUN
Sperre,VAL,-0.4,NOUN
Bastard,VAL,-1.0,NOUN
Schlacht,VAL,-0.2,NOUN
besiegen,VAL,-0.4,VERB
selig,VAL,0.6,ADJ
Schlag,VAL,-0.2,NOUN
schlagen,VAL,-0.2,VERB
Schönheit,VAL,0.6,NOUN
schön,VAL,0.6,ADJ
verschönern,VAL,0.6,VERB
verniedlichen,VAL,-0.4,VERB
verharmlosen,VAL,-0.4,VERB
lieben,VAL,0.6,VERB
profitieren,VAL,0.4,VERB
berauben,VAL,-0.4,VERB
trauern,VAL,-0.4,VERB
gut,VAL,0.6,ADJ
verraten,VAL,-0.6,VERB
voreingenommen,VAL,-0.2,ADJ
parteiisch,VAL,-0.4,ADJ
groß,VAL,0.2,ADJ
bitter,VAL,-0.4,ADJ
verbittern,VAL,-0.4,VERB
bizarr,VAL,-0.4,ADJ
tadeln,VAL,-0.4,VERB
segnen,VAL,0.4,VERB
blind,VAL,-0.2,ADJ
Glückseligkeit,VAL,0.6,NOUN
glückselig,VAL,0.6,ADJ
fröhlich,VAL,0.4,ADJ
blockieren,VAL,-0.2,VERB
Blockbuster,VAL,0.6,NOUN
blutig,VAL,-0.6,ADJ
verschwimmen,VAL,-0.4,ADJ
prahlerisch,VAL,-0.4,ADJ
frech,VAL,0.4,ADJ
Bombe,VAL,-0.6,NOUN
verstärken,VAL,0.2,VERB
boosten,VAL,0.2,VERB
Ankurbelung,VAL,0.2,NOUN
bohren,VAL,-0.4,VERB
langweilig,VAL,-0.6,ADJ
stören,VAL,-0.4,VERB
belästigen,VAL,-0.4,VERB
lästig,VAL,-0.4,ADJ
boykottieren,VAL,-0.4,VERB
boykottiert,VAL,-0.4,VERB
Gehirnwäsche,VAL,-0.6,NOUN
mutig,VAL,0.4,ADJ
bahnbrechend,VAL,0.6,ADJ
atemberaubend,VAL,1.0,ADJ
Bestechung,VAL,-0.6,NOUN
strahlen,VAL,0.2,VERB
strahlend,VAL,0.2,ADJ
Helligkeit,VAL,0.2,NOUN
brillant,VAL,0.8,ADJ
lebhaft,VAL,0.4,ADJ
kaputt,VAL,-0.2,ADJ
brechen,VAL,-0.2,VERB
grüblerisch,VAL,-0.4,ADJ
schikanieren,VAL,-0.4,VERB
Blödsinn,VAL,-0.8,NOUN
Miesepeter,VAL,-0.4,NOUN
aufmuntern,VAL,0.4,VERB
belasten,VAL,-0.4,VERB
beruhigen,VAL,0.4,VERB
abbrechen,VAL,-0.2,VERB
annullieren,VAL,-0.2,VERB
Krebs,VAL,-0.2,NOUN
fähig,VAL,0.2,ADJ
fesseln,VAL,0.6,VERB
Pflege,VAL,0.4,NOUN
sorglos,VAL,0.2,ADJ
vorsichtig,VAL,0.4,ADJ
abkassieren,VAL,-0.4,VERB
Katastrophe,VAL,-0.4,NOUN
katastrophal,VAL,-0.8,ADJ
zurückhalten,VAL,-0.2,VERB
zuruückhaltend,VAL,-0.2,ADJ
feiern,VAL,0.6,VERB
zensieren,VAL,-0.4,VERB
bestimmen,VAL,0.2,VERB
Herausforderung,VAL,-0.2,NOUN
Chance,VAL,0.4,NOUN
chaotisch,VAL,-0.4,ADJ
aufladen,VAL,-0.6,VERB
Ladung,VAL,-0.4,NOUN
Charme,VAL,0.6,NOUN
charmant,VAL,0.6,ADJ
reizlos,VAL,-0.6,ADJ
züchtigen,VAL,-0.6,VERB
schummeln,VAL,-0.6,VERB
beschummelt,VAL,-0.6,ADJ
bejubeln,VAL,0.4,VERB
jubeln,VAL,0.4,VERB
freudlos,VAL,-0.4,ADJ
anfeuern,VAL,0.4,VERB
heiter,VAL,0.4,ADJ
wertgeschätzt,VAL,0.4,ADJ
wertschätzen,VAL,0.4,VERB
schicken,VAL,0.4,VERB
kindisch,VAL,-0.4,ADJ
chillen,VAL,-0.2,VERB
würgen,VAL,-0.4,VERB
drosseln,VAL,-0.4,VERB
klären,VAL,0.4,VERB
Klarheit,VAL,0.4,NOUN
Zusammenprall,VAL,-0.4,NOUN
stilvoll,VAL,0.6,ADJ
sauber,VAL,0.4,ADJ
klar,VAL,0.2,ADJ
klug,VAL,0.4,ADJ
trüben,VAL,-0.2,VERB
ahnungslos,VAL,-0.4,ADJ
Schwanz,VAL,-1.0,NOUN
Schwanzlutscher,VAL,-1.0,NOUN
einbilden,VAL,-0.4,VERB
nötigen,VAL,-0.4,VERB
Nötigung,VAL,-0.4,NOUN
zusammenbrechen,VAL,-0.4,VERB
kollabieren,VAL,-0.4,VERB
kollidiert,VAL,-0.2,VERB
Zusammenstoß,VAL,-0.4,NOUN
Kollisionen,VAL,-0.4,NOUN
kollidieren,VAL,-0.6,VERB
bekämpfen,VAL,-0.2,VERB
Kampf,VAL,-0.2,NOUN
Komödie,VAL,0.2,NOUN
Bequemlichkeit,VAL,0.4,NOUN
gemütlich,VAL,0.4,ADJ
trösten,VAL,0.4,VERB
loben,VAL,0.4,VERB
verpflichten,VAL,0.2,VERB
Bekenntnis,VAL,0.2,NOUN
barmherzig,VAL,0.4,ADJ
zwingen,VAL,0.2,VERB
kompetent,VAL,0.4,ADJ
wettbewerbsfähig,VAL,0.4,ADJ
selbstgefällig,VAL,-0.4,ADJ
beschweren,VAL,-0.4,VERB
umfassen,VAL,0.4,VERB
geschlichtet,VAL,0.4,ADJ
schlichten,VAL,0.4,VERB
schlicht,VAL,0.4,ADJ
versöhnlich,VAL,0.4,ADJ
verurteilen,VAL,-0.4,VERB
Verurteilung,VAL,-0.4,NOUN
Vertrauen,VAL,0.4,NOUN
zuversichtlich,VAL,0.4,ADJ
Konflikt,VAL,-0.4,NOUN
widersprüchlich,VAL,-0.4,ADJ
konfliktreich,VAL,-0.4,ADJ
verwirren,VAL,-0.4,VERB
gratulieren,VAL,0.4,VERB
Gratulation,VAL,0.4,NOUN
Konspiration,VAL,-0.6,NOUN
Ansteckung,VAL,-0.4,NOUN
anstecken,VAL,-0.2,VERB
ansteckend,VAl,-0.2,ADJ
Verachtung,VAL,-0.4,NOUN
verächtlich,VAL,-0.4,ADJ
bestreiten,VAL,-0.2,VERB
streiten,VAL,-0.2,VERB
umstritten,VAL,-0.4,ADJ
anfechtbar,VAL,-0.4,ADJ
überzeugen,VAL,0.2,VERB
gesellig,VAL,0.4,ADJ
cool,VAL,0.2,ADJ
Leiche,VAL,-0.6,NOUN
kostspielig,VAL,-0.4,ADJ
höflich,VAL,0.4,ADJ
Höflichkeit,VAL,0.4,NOUN
Vertuschung,VAL,-0.6,NOUN
feige,VAL,-0.4,ADJ
Gemütlichkeit,VAL,0.4,NOUN
Krampf,VAL,-0.2,NOUN
Kacke,VAL,-0.6,NOUN
Absturz,VAL,-0.4,NOUN
verrückt,VAL,-0.4,ADJ
verrücken,VAL,-0.4,ADJ
kreativ,VAL,0.4,ADJ
knicken,VAL,-0.4,VERB
weinen,VAL,-0.4,VERB
Verbrechen,VAL,-0.6,NOUN
kriminell,VAL,-0.6,ADJ
Verbrecher,VAL,-0.6,NOUN
Krise,VAL,-0.6,NOUN
Kritik,VAL,-0.4,NOUN
kritisieren,VAL,-0.4,VERB
grausam,VAL,-0.6,ADJ
Grausamkeit,VAL,-0.6,NOUN
zermalmen,VAL,-0.2,VERB
zerquetschen,VAL,-0.4,VERB
Fotze,VAL,-1.0,NOUN
neugierig,VAL,0.2,ADJ
verfluchen,VAL,-0.2,VERB
schneiden,VAL,-0.2,VERB
niedlich,VAL,0.4,ADJ
zynisch,VAL,-0.4,ADJ
Schaden,VAL,-0.6,NOUN
verdammen,VAL,-0.8,VERB
Gefahr,VAL,-0.4,NOUN
tollkühn,VAL,0.4,ADJ
waghalsig,VAL,0.4,ADJ
dunkel,VAL,-0.4,ADJ
Finsternis,VAL,-0.2,NOUN
unerschrocken,VAL,0.4,ADJ
tot,VAL,-0.6,ADJ
Sackgasse,VAL,-0.4,NOUN
ohrenbetäubend,VAL,-0.2,ADJ
Tod,VAL,-0.4,NOUN
Schuld,VAL,-0.4,NOUN
Betrug,VAL,-0.6,NOUN
betrügerisch,VAL,-0.6,ADJ
täuschen,VAL,-0.6,VERB
betrügen,VAL,-0.6,VERB
Täuschung,VAL,-0.6,NOUN
entschließen,VAL,0.2,VERB
widmen,VAL,0.4,VERB
defekt,VAL,-0.6,ADJ
Mangel,VAL,-0.6,NOUN
Verteidiger,VAL,0.4,NOUN
wehrlos,VAL,-0.4,ADJ
aufschieben,VAL,-0.2,VERB
trotzig,VAL,-0.2,ADJ
Defizit,VAL,-0.4,NOUN
degradieren,VAL,-0.4,VERB
erniedrigen,VAL,-0.4,VERB
entmenschlichen,VAL,-0.4,VERB
entmenschlicht,VAL,-0.4,ADJ
entmutigen,VAL,-0.4,VERB
verzögern,VAL,-0.2,VERB
erfreuen,VAL,0.6,VERB
fordern,VAL,-0.2,VERB
Demonstration,VAL,-0.2,NOUN
demoralisierend,VAL,-0.4,ADJ
demoralisieren,VAL,-0.4,VERB
verweigern,VAL,-0.4,VERB
Leugner,VAL,-0.4,NOUN
Verweigerer,VAL,-0.4,NOUN
leugnen,VAL,-0.4,VERB
denunzieren,VAL,-0.4,VERB
deprimieren,VAL,-0.4,VERB
entgleisen,VAL,-0.4,VERB
Spott,VAL,-0.4,NOUN
begehren,VAL,0.4,VERB
wünschen,VAL,0.2,VERB
verzweifeln,VAL,-0.6,VERB
verzagen,VAL,-0.6,VERB
zerstören,VAL,-0.6,VERB
vernichten,VAL,-0.6,VERB
loslösen,VAL,-0.2,VERB
aufhalten,VAL,-0.4,VERB
festnehmen,VAL,-0.4,VERB
festhalten,VAL,-0.4,VERB
verwüsten,VAL,-0.4,VERB
verheeren,VAL,-0.4,VERB
hingebungsvoll,VAL,0.6,ADJ
Diamanten,VAL,0.2,NOUN
Schwachkopf,VAL,-0.8,NOUN
sterben,VAL,-0.6,VERB
schwierig,VAL,-0.2,ADJ
schüchtern,VAL,-0.4,ADJ
Dilemma,VAL,-0.2,NOUN
Dummkopf,VAL,-0.8,NOUN
schlimm,VAL,-0.6,ADJ
grässlich,VAL,-0.6,ADJ
schmutzig,VAL,-0.4,ADJ
behindern,VAL,-0.2,VERB
behindert,VAL,-0.6,ADJ
benachteiligen,VAL,-0.4,VERB
verschwinden,VAL,-0.2,VERB
enttäuschen,VAL,-0.4,VERB
Enttäuschung,VAL,-0.4,NOUN
ungläubig,VAL,-0.4,ADJ
ablegen,VAL,-0.2,VERB
verwerfen,VAL,-0.2,VERB
unzufrieden,VAL,-0.4,ADJ
Zwietracht,VAL,-0.4,NOUN
ablehnen,VAL,-0.2,VERB
diskreditieren,VAL,-0.4,VERB
verschmähen,VAL,-0.4,VERB
verkleiden,VAL,-0.2,VERB
Verkleidung,VAL,-0.2,NOUN
anwidern,VAL,-0.6,VERB
unehrlich,VAL,-0.4,ADJ
desillusionieren,VAL,-0.4,VERB
abneigen,VAL,-0.4,VERB
unzusammenhängend,VAL,-0.4,ADJ
Abneigung,VAL,-0.4,NOUN
düster,VAL,-0.4,ADJ
bestürzen,VAL,-0.4,VERB
Unordnung,VAL,-0.4,NOUN
desorganisiert,VAL,-0.4,ADJ
desorientiert,VAL,-0.4,ADJ
verunglimpfen,VAL,-0.4,VERB
herabsetzen,VAL,-0.4,ADJ
strittig,VAL,-0.4,ADJ
disqualifizieren,VAL,-0.4,VERB
missachten,VAL,-0.4,VERB
missachtet,VAL,-0.4,ADJ
Missachtung,VAL,-0.4,NOUN
Unterbrechung,VAL,-0.4,NOUN
verzerren,VAL,-0.4,VERB
ablenken,VAL,-0.4,VERB
misstrauisch,VAL,-0.6,ADJ
schwankend,VAL,-0.4,ADJ
schwanken,VAL,-0.4,VERB
schwindeln,VAL,-0.2,VERB
ausweichen,VAL,-0.4,VERB
wackelig,VAL,-0.4,ADJ
trübselig,VAL,-0.4,ADJ
Verhängnis,VAL,-0.4,NOUN
zweifeln,VAL,-0.2,VERB
bezweifeln,VAL,-0.2,VERB
zweifelhaft,VAL,-0.2,ADJ
Trottel,VAL,-0.8,NOUN
niederschlagen,VAL,-0.4,VERB
ziehen,VAL,-0.2,VERB
schleppen,VAL,-0.2,VERB
auslaugen,VAL,-0.4,VERB
träumen,VAL,0.2,VERB
trostlos,VAL,-0.4,ADJ
schlaff,VAL,-0.4,ADJ
ertrinken,VAL,-0.4,VERB
betrinken,VAL,-0.4,VERB
betrunken,VAL,-0.4,ADJ
dubios,VAL,-0.4,ADJ
Blindgänger,VAL,-0.4,NOUN
stumpf,VAL,-0.4,ADJ
dumm,VAL,-0.6,ADJ
Dumpfbacke,VAL,-0.6,NOUN
abservieren,VAL,-0.2,VERB
Duplikat,VAL,-0.4,NOUN
dupliziert,VAL,-0.4,VERB
Dysfunktion,VAL,-0.4,NOUN
ernsthaft,VAL,0.4,ADJ
leicht,VAL,0.4,ADJ
ekstatisch,VAL,0.8,ADJ
unheimlich,VAL,-0.4,ADJ
wirksam,VAL,0.4,ADJ
beschwingt,VAL,0.6,ADJ
beschwingen,VAL,0.4,VERB
Hochgefühl,VAL,0.6,NOUN
elegant,VAL,0.4,ADJ
blamieren,VAL,-0.4,VERB
umarmen,VAL,0.2,VERB
Notfall,VAL,-0.4,NOUN
einfühlsam,VAL,0.4,ADJ
leeren,VAL,-0.2,VERB
verzaubern,VAL,0.4,VERB
ermutigen,VAL,0.4,VERB
Ermutigung,VAL,0.4,NOUN
billigen,VAL,0.4,VERB
Befürwortung,VAL,0.4,NOUN
Gegner,VAL,-0.4,NOUN
energisch,VAL,0.4,ADJ
engagieren,VAL,0.2,VERB
vertiefen,VAL,0.2,VERB
genießen,VAL,0.4,VERB
aufklären,VAL,0.4,VERB
erleuchtet,VAL,0.4,ADJ
erzürnen,VAL,-0.4,VERB
erzürnt,VAL,-0.4,ADV
entrücken,VAL,0.6,VERB
versklaven,VAL,-0.8,VERB
sichern,VAL,0.2,VERB
sicherstellen,VAL,0.2,VERB
unternehmungslustig,VAL,0.2,ADJ
unterhaltend,VAL,0.4,ADJ
begeisternd,VAL,0.6,ADJ
begeistern,VAL,0.6,VERB
betrauen,VAL,0.2,VERB
anvertrauen,VAL,0.4,VERB
beneiden,VAL,-0.2,VERB
neidisch,VAL,-0.4,ADJ
irrtümlich,VAL,-0.4,ADJ
Fehler,VAL,-0.4,NOUN
entkommen,VAL,-0.2,VERB
hochschätzen,VAL,0.4,VERB
ethisch,VAL,0.4,ADJ
Euphorie,VAL,0.6,NOUN
euphorisch,VAL,0.8,ADJ
Vertreibung,VAL,-0.2,NOUN
böse,VAL,-0.6,ADJ
Übertreibung,VAL,-0.4,NOUN
übertreiben,VAL,-0.4,VERB
hervorragen,VAL,0.6,VERB
hervorragend,VAL,0.6,ADJ
auszeichnen,VAL,0.6,VERB
erregen,VAL,0.6,VERB
aufregen,VAL,0.6,VERB
Aufregung,VAL,0.6,NOUN
ausschließen,VAL,-0.2,VERB
Ausschluss,VAL,-0.2,NOUN
freistellen,VAL,-0.2,VERB
erschöpfen,VAL,-0.4,VERB
erheitern,VAL,0.6,VERB
entlasten,VAL,0.4,VERB
erweitern,VAL,0.2,VERB
vertreiben,VAL,-0.4,VERB
ausnutzen,VAL,-0.4,VERB
ausbeuten,VAL,-0.4,VERB
Erkundung,VAL,0.2,NOUN
aussetzen,VAL,-0.2,VERB
aufdecken,VAL,-0.2,VERB
exponieren,VAL,-0.2,VERB
überschwänglich,VAL,0.8,ADJ
fabelhaft,VAL,0.8,ADJ
fad,VAL,-0.4,ADJ
Schwuchtel,VAL,-0.8,NOUN
durchfallen,VAL,-0.4,VERB
versagen,VAL,-0.4,VERB
Durchfall,VAL,-0.4,NOUN
kleinmütig,VAL,-0.4,ADJ
gerecht,VAL,0.4,ADJ
Glaube,VAL,0.2,NOUN
treu,VAL,0.6,ADJ
Fälschung,VAL,-0.6,NOUN
vortäuschen,VAL,-0.6,VERB
fälschen,VAL,-0.6,VERB
fallen,VAL,-0.4,VERB
Ruhm,VAL,0.2,NOUN
Fan,VAL,0.6,NOUN
fantastisch,VAL,0.8,ADJ
Farce,VAL,-0.2,NOUN
faszinieren,VAL,0.6,VERB
faschistisch,VAL,-0.8,ADJ
Faschist,VAL,-0.8,NOUN
Verhängnis,VAL,-0.6,NOUN
Ermüdung,VAL,-0.4,NOUN
ermüden,VAL,-0.4,VERB
müde,VAL,-0.4,ADJ
Gunst,VAL,0.4,NOUN
begünstigen,VAL,0.4,VERB
bevorzugen,VAL,0.4,VERB
Bevorzugt,VAL,0.4,ADJ
Angst,VAL,-0.8,NOUN
furchtlos,VAL,0.4,ADJ
furchterregend,VAL,-0.4,ADJ
nerven,VAL,-0.6,VERB
schwächlich,VAL,-0.4,ADJ
Gefühl,VAL,0.2,NOUN
leidenschaftlich,VAL,0.4,ADJ
feurig,VAL,0.4,ADJ
festlich,VAL,0.4,ADJ
Fiasko,VAL,-0.6,NOUN
zappelig,VAL,-0.4,ADJ
fein,VAL,0.4,ADJ
Feuer,VAL,-0.4,NOUN
brennen,VAL,-0.4,VERB
feuern,VAL,-0.4,VERB
fit,VAL,0.2,ADJ
Tauglichkeit,VAL,0.2,NOUN
Flaggschiff,VAL,0.4,NOUN
fliehen,VAL,-0.2,VERB
Flop,VAL,-0.4,NOUN
Grippe,VAL,-0.4,NOUN
fokussieren,VAL,0.4,VERB
Vorliebe,VAL,0.4,NOUN
töricht,VAL,-0.4,ADJ
Zwangsvollstreckung,VAL,-0.4,NOUN
vergessen,VAL,-0.2,VERB
vergesslich,VAL,-0.4,ADJ
verzeihen,VAL,0.2,VERB
glücklich,VAL,0.4,ADJ
Betrüger,VAL,-0.8,NOUN
Betrügerei,VAL,-0.8,NOUN
frei,VAL,0.2,ADJ
Freiheit,VAL,0.4,NOUN
Raserei,VAL,-0.6,NOUN
frisch,VAL,0.2,ADJ
freundlich,VAL,0.4,ADJ
verspielen,VAL,0.4,VERB
stirnrunzelnd,VAL,-0.2,ADJ
frustriert,VAL,-0.4,ADJ
Frustration,VAL,-0.4,NOUN
ficken,VAL,-0.8,VERB
gefickt,VAL,-0.8,ADJ
Ficker,VAL,-0.8,NOUN
Wichser,VAL,-0.8,NOUN
Fickgesicht,VAL,-0.8,NOUN
Fickkopf,VAL,-0.8,NOUN
verarschen,VAL,-0.8,VERB
erfüllen,VAL,0.4,VERB
rauchen,VAL,-0.4,VERB
Spaß,VAL,0.8,NOUN
Beerdigung,VAL,-0.4,NOUN
witzig,VAL,0.4,ADJ
lustig,VAL,0.8,ADJ
sinnlos,VAL,-0.4,ADJ
knebeln,VAL,-0.4,VERB
gewinnen,VAL,0.4,VERB
galant,VAL,0.6,ADJ
Galanterie,VAL,0.6,NOUN
großzügig,VAL,0.4,ADJ
genial,VAL,0.6,ADJ
Geist,VAL,-0.2,NOUN
leichtsinnig,VAL,-0.4,ADJ
Geschenk,VAL,0.4,NOUN
froh,VAL,0.6,ADJ
glamourös,VAL,0.6,ADJ
vergnügen,VAL,0.6,VERB
glorreich,VAL,0.4,ADJ
ruhmreich,VAL,0.4,ADJ
mürrisch,VAL,-0.4,ADJ
Gott,VAL,0.2,NOUN
gottverdammt,VAL,-0.6,VERB
gottesfürchtig,VAL,0.8,ADJ
Güte,VAL,0.6,NOUN
Gnade,VAL,0.2,NOUN
gnädig,VAL,0.6,ADJ
großartig,VAL,0.6,ADJ
gewähren,VAL,0.2,VERB
währen,VAL,0.2,VERB
dankbar,VAL,0.6,ADJ
Befriedigung,VAL,0.4,NOUN
ernst,VAL,-0.4,ADJ
grau,VAL,-0.2,ADJ
gierig,VAL,-0.6,ADJ
grünwaschen,VAL,-0.6,VERB
Grünwäscher,VAL,-0.6,NOUN
Grünwäsche,VAL,-0.6,NOUN
grüßen,VAL,0.2,VERB
betrüben,VAL,-0.4,VERB
brutto,VAL,-0.4,ADJ
wachsen,VAL,0.2,VERB
Wachstum,VAL,0.4,NOUN
Garantie,VAL,0.2,NOUN
schuldig,VAL,-0.6,ADJ
Leichtgläubigkeit,VAL,-0.4,NOUN
leichtgläubig,VAL,-0.4,ADJ
Waffe,VAL,-0.2,NOUN
hacken,VAL,-0.2,VERB
Hagel,VAL,0.4,NOUN
hageln,VAL,0.4,VERB
unglücklich,VAL,-0.4,ADJ
Glück,VAL,0.6,NOUN
glücklich,VAL,0.6,ADJ
hart,VAL,-0.2,ADJ
Härte,VAL,-0.4,NOUN
abhärten,VAL,0.4,VERB
verletzen,VAL,-0.4,VERB
schädigen,VAL,-0.4,VERB
schädlich,VAL,-0.4,ADJ
schaden,VAL,-0.4,VERB
scharf,VAL,-0.4,ADJ
hassen,VAL,-0.6,VERB
gehasst,VAL,-0.6,ADJ
Hasser,VAL,-0.6,NOUN
verfolgen,VAL,-0.2,VERB
heimsuchen,VAL,-0.4,VERB
spuken,VAL,-0.2,VERB
gesund,VAL,0.4,ADJ
herzzerreißend,VAL,-0.6,ADJ
untröstlich,VAL,-0.6,ADJ
herzergreifend,VAL,0.6,ADJ
himmlisch,VAL,0.4,ADJ
schwermütig,VAL,-0.4,ADJ
Hölle,VAL,-0.8,NOUN
Hilfe,VAL,0.4,NOUN
hilfreich,VAL,0.4,ADJ
helfen,VAL,0.4,VERB
hilflos,VAL,-0.4,ADJ
Held,VAL,0.4,NOUN
heldenhaft,VAL,0.4,ADJ
zögern,VAL,-0.4,VERB
verstecken,VAL,-0.2,VERB
hervorheben,VAL,0.4,VERB
vergnüglich,VAL,0.4,ADJ
Schwindel,VAL,-0.4,NOUN
Heimweh,VAL,-0.4,NOUN
ehrlich,VAL,0.4,ADJ
Ehre,VAL,0.4,NOUN
ehren,VAL,0.4,VERB
ehrenvoll,VAL,0.4,ADJ
Hooliganismus,VAL,-0.4,NOUN
Hooligan,VAL,-0.4,NOUN
Hoffnung,VAL,0.4,NOUN
hoffnungsvoll,VAL,0.4,ADJ
hoffnungslos,VAL,-0.4,ADJ
Hoffnungslosigkeit,VAL,-0.4,NOUN
hoffen,VAL,0.4,VERB
entsetzlich,VAL,-0.6,ADJ
feindselig,VAL,-0.4,ADJ
Hausierer,VAL,-0.4,NOUN
Umarmung,VAL,0.4,NOUN
riesig,VAL,0.2,ADJ
demütigen,VAL,-0.6,VERB
Erniedrigung,VAL,-0.6,NOUN
humorvoll,VAL,0.4,ADJ
Hunger,VAL,-0.4,NOUN
Hurra,VAL,1.0,NOUN
heuchlerisch,VAL,-0.4,ADJ
Hysterie,VAL,-0.6,NOUN
hysterisch,VAL,-0.6,ADJ
idiotisch,VAL,-0.6,ADJ
Unwissenheit,VAL,-0.4,NOUN
unwissend,VAL,-0.4,ADJ
ignorieren,VAL,-0.2,VERB
krank,VAL,-0.4,ADJ
illegal,VAL,-0.6,ADJ
Analphabetismus,VAL,-0.4,NOUN
Krankheit,VAL,-0.4,NOUN
geistesgestört,VAL,-0.6,ADJ
geisteskrank,VAL,-0.6,ADJ
bewegungsunfähig,VAL,-0.2,ADJ
unsterblich,VAL,0.6,ADJ
immun,VAL,0.2,ADJ
ungeduldig,VAL,-0.4,ADJ
unvollkommen,VAL,-0.4,ADJ
wichtig,VAL,0.4,ADJ
auferlegen,VAL,-0.2,VERB
impotent,VAL,-0.4,ADJ
beeindrucken,VAL,0.6,VERB
inhaftieren,VAL,-0.4,VERB
verbessern,VAL,0.4,VERB
Verbesserung,VAL,0.4,NOUN
Unfähigkeit,VAL,-0.4,NOUN
Untätigkeit,VAL,-0.4,NOUN
unzureichend,VAL,-0.4,ADJ
unfähig,VAL,-0.4,ADJ
handlungsunfähig,VAL,-0.4,ADJ
inkompetent,VAL,-0.4,ADJ
rücksichtslos,VAL,-0.4,ADJ
Unannehmlichkeit,VAL,-0.4,NOUN
unangenehm,VAL,-0.4,ADJ
Zunahme,VAL,0.2,NOUN
erhöhen,VAL,0.2,VERB
unentschlossen,VAL,-0.4,ADJ
unverwüstlich,VAL,0.4,ADJ
Gleichgültigkeit,VAL,-0.4,NOUN
gleichgültig,VAL,-0.4,ADJ
entrüsten,VAL,-0.4,VERB
Empörung,VAL,-0.4,NOUN
indoktrinieren,VAL,-0.4,VERB
indoktriniert,VAL,-0.4,ADJ
unwirksam,VAL,-0.4,ADJ
vernarren,VAL,0.4,VERB
infizieren,VAL,-0.4,VERB
minderwertig,VAL,-0.4,ADJ
entzünden,VAL,-0.4,VERB
einflussreich,VAL,0.4,ADJ
Verletzung,VAL,-0.4,NOUN
hemmen,VAL,-0.2,VERB
Ungerechtigkeit,VAL,-0.4,NOUN
erneuern,VAL,0.2,VERB
innoviert,VAL,0.2,ADJ
Neuerung,VAL,0.2,NOUN
innovativ,VAL,0.4,ADJ
Inquisition,VAL,-0.4,NOUN
wahnsinnig,VAL,-0.4,ADJ
Unzurechnungsfähigkeit,VAL,-0.4,NOUN
unsicher,VAL,-0.4,ADJ
unsensibel,VAL,-0.4,ADJ
unempfindlich,VAL,-0.4,ADJ
unbedeutend,VAL,-0.4,ADJ
fade,VAL,-0.4,ADJ
fad,VAL,-0.4,ADJ
inspirieren,VAL,0.4,VERB
inspirierend,VAL,0.4,ADJ
Unversehrtheit,VAL,0.4,NOUN
Integrität,VAL,0.4,NOUN
intelligent,VAL,0.4,ADJ
intensiv,VAL,0.2,ADJ
Interesse,VAL,0.2,NOUN
interessieren,VAL,0.4,VERB
interessant,VAL,0.4,ADJ
befragen,VAL,-0.4,VERB
unterbrechen,VAL,-0.4,VERB
einschüchtern,VAL,-0.4,VERB
eingeschüchtert,VAL,-0.4,ADJ
Einschüchterung,VAL,-0.4,NOUN
verwickeln,VAL,0.4,VERB
Intrige,VAL,0.2,NOUN
unbesiegbar,VAL,0.4,ADJ
einladen,VAL,0.2,VERB
unverwundbar,VAL,0.4,ADJ
ironisch,VAL,-0.2,ADJ
Ironie,VAL,-0.2,NOUN
irrational,VAL,-0.2,ADJ
unwiderstehlich,VAL,0.4,ADJ
verantwortungslos,VAL,0.4,ADJ
unumkehrbar,VAL,-0.6,ADJ
reizen,VAL,-0.6,VERB
isolieren,VAL,-0.2,VERB
juckend,VAL,-0.4,ADJ
Esel,VAL,-0.8,NOUN
einsperren,VAL,-0.4,VERB
übermütig,VAL,0.4,ADJ
eifersüchtig,VAL,-0.4,ADJ
Juwel,VAL,0.2,NOUN
verbinden,VAL,0.2,VERB
Witz,VAL,0.4,NOUN
jovial,VAL,0.4,ADJ
Freude,VAL,0.6,NOUN
freudig,VAL,0.6,ADJ
nervös,VAL,-0.2,ADJ
rechtfertigen,VAL,0.4,VERB
töten,VAL,-0.8,VERB
Töten,VAL,-0.8,NOUN
Kind,VAL,0.4,NOUN
küssen,VAL,0.4,VERB
fehlen,VAL,-0.4,VERB
zurückbleiben,VAL,-0.2,VERB
lahm,VAL,-0.4,ADJ
Wahrzeichen,VAL,0.4,NOUN
lachen,VAL,0.2,VERB
starten,VAL,0.2,VERB
Gesetz,VAL,0.2,NOUN
Rechtsstreit,VAL,-0.4,NOUN
Rechtsstreitigkeit,VAL,-0.4,NOUN
faul,VAL,-0.4,ADJ
faulen,VAL,-0.4,VERB
durchgesickert,VAL,-0.2,ADJ
verlassen,VAL,-0.2,VERB
legal,VAL,0.2,ADJ
nachsichtig,VAL,0.2,ADJ
lethargisch,VAL,-0.4,ADJ
Lethargie,VAL,-0.4,NOUN
Lügner,VAL,-0.6,NOUN
verleumderisch,VAL,-0.4,ADJ
lügen,VAL,-0.4,VERB
Lebensretter,VAL,0.8,NOUN
unbeschwert,VAL,0.2,ADJ
mögen,VAL,0.4,VERB
Einschränkung,VAL,-0.2,NOUN
begrenzen,VAL,-0.2,VERB
Grenze,VAL,-0.2,NOUN
Begrenzung,VAL,-0.2,NOUN
streitig,VAL,-0.4,ADJ
Lobbyismus,VAL,-0.4,NOUN
Lobbyarbeit,VAL,-0.4,NOUN
einsam,VAL,-0.4,ADJ
Sehnsucht,VAL,-0.2,NOUN
Drohung,VAL,-0.2,NOUN
drohend,VAL,-0.2,ADJ
drohen,VAL,-0.2,VERB
baumeln,VAL,-0.2,VERB
lose,VAL,-0.6,ADJ
verlieren,VAL,-0.6,VERB
Verlierer,VAL,-0.6,NOUN
Verlust,VAL,-0.6,NOUN
liebenswert,VAL,0.6,ADJ
lieblich,VAL,0.6,ADJ
liebevoll,VAL,0.4,ADJ
niedrig,VAL,-0.2,ADJ
Loyalität,VAL,0.6,NOUN
lauern,VAL,-0.2,VERB
erfinden,VAL,-0.2,VERB
Wahnsinn,VAL,-0.6,NOUN
obligatorisch,VAL,-0.2,ADJ
manipulieren,VAL,-0.2,VERB
Manipulation,VAL,-0.2,NOUN
wunderbar,VAL,0.6,ADJ
wundervoll,VAL,0.6,ADJ
Meisterwerk,VAL,0.8,NOUN
Sache,VAL,0.2,NOUN
Angelegenheit,VAL,0.2,NOUN
ausreifen,VAL,0.4,VERB
ausgereift,VAL,0.4,ADJ
sinnvoll,VAL,0.4,ADJ
bedeutungslos,VAL,-0.4,ADJ
Medaille,VAL,0.6,NOUN
Mittelmäßigkeit,VAL,-0.6,NOUN
meditativ,VAL,0.2,ADJ
melancholisch,VAL,-0.4,ADJ
Barmherzigkeit,VAL,0.4,NOUN
fröhlich,VAL,0.6,ADJ
durcheinander,VAL,-0.4,ADJ
verpfuschen,VAL,-0.4,VERB
methodisch,VAL,0.4,ADJ
gedankenlos,VAL,-0.4,ADJ
wund,VAL,0.8,ADJ
Fröhlichkeit,VAL,0.6,NOUN
Unfug,VAL,-0.2,NOUN
Unglück,VAL,-0.4,NOUN
Fehlinformation,VAL,-0.4,NOUN
fehlinformiert,VAL,-0.4,ADJ
fehlinterpretiert,VAL,-0.4,ADJ
irreführen,VAL,-0.6,VERB
irreführend,VAL,-0.6,ADJ
Fehldarstellung,VAL,-0.4,NOUN
Falschdarstellung,VAL,-0.4,NOUN
verfehlen,VAL,-0.4,VERB
Irrtum,VAL,-0.4,NOUN
verwechseln,VAL,-0.4,VERB
missverstehen,VAL,-0.4,VERB
missverstanden,VAL,-0.4,ADJ
stöhnen,VAL,-0.4,VERB
verspotten,VAL,-0.4,VERB
spotten,VAL,-0.4,VERB
verhöhnen,VAL,-0.4,VERB
monopolisieren,VAL,-0.4,VERB
launisch,VAL,-0.2,ADJ
motivieren,VAL,0.2,VERB
Mord,VAL,-0.8,NOUN
Mörder,VAL,-0.8,NOUN
mörderisch,VAL,-0.6,ADJ
morden,VAL,-0.8,VERB
ermorden,VAL,-0.8,VERB
Mythos,VAL,-0.2,NOUN
Noob,VAL,-0.4,NOUN
naiv,VAL,-0.4,ADJ
natürlich,VAL,0.2,ADJ
bedürftig,VAL,-0.4,ADJ
negativ,VAL,-0.4,ADJ
Negativität,VAL,-0.4,NOUN
Vernachlässigung,VAL,-0.4,NOUN
vernachlässigen,VAL,-0.4,VERB
nett,VAL,0.6,ADJ
raffinieren,VAL,0.4,VERB
raffiniert,VAL,0.4,ADJ
Nigger,VAL,-1.0,NOUN
Neger,VAL,-1.0,NOUN
edel,VAL,0.4,ADJ
lärmen,VAL,-0.2,VERB
Neuling,VAL,-0.4,NOUN
berüchtigt,VAL,-0.4,ADJ
neuartig,VAL,0.4,ADJ
gefühllos,VAL,-0.2,ADJ
auslöschen,VAL,-0.4,VERB
ausradieren,VAL,-0.4,VERB
widerwärtig,VAL,-0.6,ADJ
obszön,VAL,-0.4,ADJ
besitzen,VAL,0.4,VERB
veralten,VAL,-0.4,VERB
Hindernis,VAL,-0.4,NOUN
eigensinnig,VAL,-0.4,ADJ
seltsam,VAL,-0.4,ADJ
Beleidiger,VAL,-0.4,NOUN
offline,VAL,-0.2,ADJ
unheilvoll,VAL,0.6,ADJ
Gelegenheit,VAL,0.4,NOUN
unterdrücken,VAL,-0.4,VERB
bedrückend,VAL,-0.4,ADJ
Optimismus,VAL,0.4,NOUN
optimistisch,VAL,0.4,ADJ
optionslos,VAL,-0.4,ADJ
Aufschrei,VAL,-0.4,NOUN
ausmanövriert,VAL,-0.4,ADJ
empört,VAL,-0.6,ADJ
aufsuchen,VAL,0.4,VERB
überragen,VAL,1.0,VERB
überragend,VAL,1.0,ADJ
überglücklich,VAL,0.8,ADJ
überlasten,VAL,-0.2,VERB
übersehen,VAL,-0.2,VERB
überreagieren,VAL,-0.4,VERB
überreagiert,VAL,-0.4,ADJ
Überreaktion,VAL,-0.4,NOUN
überverkauft,VAL,-0.4,ADJ
überverkaufen,VAL,-0.4,VERB
Übervereinfachung,VAL,-0.4,NOUN
übervereinfacht,VAL,-0.4,ADJ
Übertreibung,VAL,-0.4,NOUN
übergewichtig,VAL,-0.2,ADJ
Oxymoron,VAL,-0.2,NOUN
Panik,VAL,-0.6,NOUN
Paradies,VAL,0.6,NOUN
Paradox,VAL,-0.2,NOUN
begnadigen,VAL,0.4,VERB
Begnadigung,VAL,0.4,NOUN
passiv,VAL,-0.2,ADJ
erbärmlich,VAL,-0.4,ADJ
zahlen,VAL,-0.2,VERB
friedlich,VAL,0.4,ADJ
Strafe,VAL,-0.4,NOUN
nachdenklich,VAL,-0.2,ADJ
perfekt,VAL,0.6,ADJ
perfektionieren,VAL,0.4,VERB
Gefährdung,VAL,-0.4,NOUN
Meineid,VAL,-0.6,NOUN
Verursacher,VAL,-0.4,NOUN
perplex,VAL,-0.4,ADJ
Pessimismus,VAL,-0.4,NOUN
pessimistisch,VAL,-0.4,ADJ
versteinern,VAL,-0.4,VERB
phobisch,VAL,-0.4,ADJ
malerisch,VAL,0.4,ADJ
Anhäufung,VAL,-0.2,NOUN
pikiert,VAL,-0.4,ADJ
angepisst,VAL,-0.8,ADJ
besaufen,VAL,-0.8,VERB
besaoffen,VAL,-0.8,ADJ
pissen,VAL,-0.6,VERB
angepisst,VAL,-0.6,ADJ
bemitleiden,VAL,-0.2,VERB
spielerisch,VAL,0.4,ADJ
angenehm,VAL,0.6,ADJ
Vergnügen,VAL,0.6,NOUN
Gelassenheit,VAL,-0.4,NOUN
vergiften,VAL,-0.4,VERB
verschmutzen,VAL,-0.4,VERB
Verschmutzer,VAL,-0.4,NOUN
arm,VAL,-0.4,ADJ
belieben,VAL,0.6,VERB
beliebt,VAL,0.6,ADJ
positiv,VAL,0.4,ADJ
besitzergreifend,VAL,-0.4,ADJ
verschieben,VAL,-0.2,VERB
Armut,VAL,-0.2,NOUN
mächtig,VAL,0.4,ADJ
machtlos,VAL,-0.4,ADJ
beten,VAL,0.2,VERB
Problem,VAL,-0.4,NOUN
problematisch,VAL,-0.4,ADJ
vorbereiten,VAL,0.2,VERB
Druck,VAL,-0.2,NOUN
drängen,VAL,-0.4,VERB
verhindern,VAL,-0.2,VERB
Gefängnis,VAL,-0.4,NOUN
Gefangener,VAL,-0.4,NOUN
Gefangene,VAL,-0.4,NOUN
privilegiert,VAL,0.4,VERB
proaktiv,VAL,0.4,ADJ
Problem,VAL,-0.4,NOUN
Profiteur,VAL,-0.4,NOUN
Fortschritt,VAL,0.4,NOUN
herausragend,VAL,0.4,ADJ
Versprechen,VAL,0.2,NOUN
versprechen,VAL,0.2,VERB
fördern,VAL,0.2,VERB
befördern,VAL,0.2,VERB
Propaganda,VAL,-0.4,NOUN
Strafverfolgung,VAL,-0.2,NOUN
Aussicht,VAL,0.2,NOUN
wohlhabend,VAL,0.6,ADJ
schützen,VAL,0.2,VERB
protestieren,VAL,-0.4,VERB
Protest,VAL,-0.4,NOUN
stolz,VAL,0.4,ADJ
Stolz,VAL,0.4,NOUN
provozieren,VAL,-0.2,VERB
pseudowissenschaftlich,VAL,-0.6,ADJ
bestrafen,VAL,-0.4,VERB
strafen,VAL,-0.4,VERB
aufdringlich,VAL,-0.2,ADJ
fragwürdig,VAL,-0.4,ADJ
fragen,VAL,-0.2,VERB
rassistisch,VAL,-0.6,ADJ
Rassisten,VAL,-0.6,NOUN
Rassist,VAL,-0.6,NOUN
Rassistin,VAL,-0.6,NOUN
regnerisch,VAL,-0.2,ADJ
schimpfen,VAL,-0.6,VERB
Schimpfer,VAL,-0.6,NOUN
Schimpfwörter,VAL,-0.6,NOUN
Schimpfwort,VAL,-0.6,NOUN
Vergewaltiger,VAL,-0.8,NOUN
Vergewaltigung,VAL,0.4,NOUN
verzückt,VAL,0.4,ADJ
überstürzen,VAL,-0.4,VERB
ratifizieren,VAL,0.4,VERB
erreichen,VAL,0.2,VERB
Rebellion,VAL,-0.4,NOUN
Rezession,VAL,-0.4,NOUN
empfehlen,VAL,0.4,VERB
erlösen,VAL,0.4,VERB
bedauern,VAL,-0.4,VERB
frohlocken,VAL,0.8,VERB
frohlockend,VAL,0.8,ADJ
entspannen,VAL,0.4,VERB
entspannend,VAL,0.4,ADJ
unnachgiebig,VAL,-0.2,ADJ
erleichtern,VAL,0.4,VERB
erleichternd,VAL,0.4,ADJ
bemerkenswert,VAL,0.4,ADJ
Gewissensbisse,VAL,-0.4,NOUN
Gewissensbiss,VAL,-0.4,NOUN
abwehren,VAL,-0.2,VERB
retten,VAL,0.4,VERB
zurücktreten,VAL,-0.2,VERB
Rücktritt,VAL,-0.2,NOUN
beschließen,VAL,0.4,VERB
respektieren,VAL,0.4,VERB
verantwortlich,VAL,0.4,ADJ
reaktionsschnell,VAL,0.4,ADJ
ruhevoll,VAL,0.4,ADJ
ruhelos,VAL,-0.4,ADJ
wiederherstellen,VAL,0.2,VERB
einschränken,VAL,-0.4,VERB
Rückzug,VAL,-0.2,NOUN
Rache,VAL,-0.4,NOUN
rachsüchtig,VAL,-0.4,ADJ
wiederbeleben,VAL,0.4,VERB
reichen,VAL,0.4,VERB
lächerlich,VAL,-0.6,ADJ
rigoros,VAL,0.6,ADJ
Aufruhr,VAL,-0.4,NOUN
Unruhe,VAL,-0.4,NOUN
Risiko,VAL,-0.4,NOUN
Räuber,VAL,-0.4,NOUN
gewandet,VAL,-0.4,ADJ
ausrauben,VAL,-0.4,VERB
rauben,VAL,-0.4,VERB
robust,VAL,0.4,ADJ
Romantik,VAL,0.4,NOUN
ruinieren,VAL,-0.4,VERB
sabotieren,VAL,-0.4,VERB
traurig,VAL,-0.4,ADJ
hervorstechen,VAL,0.2,VERB
hervorstechend,VAL,0.2,ADJ
saftig,VAL,-0.2,ADJ
sarkastisch,VAL,-0.4,ADJ
zufrieden,VAL,0.4,ADJ
betragen,VAL,-0.4,VERB
skandalös,VAL,-0.6,ADJ
Skandal,VAL,-0.6,NOUN
Sündenbock,VAL,-0.4,NOUN
skeptisch,VAL,-0.4,ADJ
schaufeln,VAL,0.6,VERB
verachten,VAL,-0.4,VERB
schreien,VAL,-0.4,VERB
verkorksen,VAL,-0.6,VERB
verkorkst,VAL,-0.6,ADJ
Dreckskerl,VAL,-0.8,NOUN
aufrührerisch,VAL,-0.4,ADJ
verführen,VAL,-0.2,VERB
selbstbewusst,VAL,0.4,ADJ
selbsttäuschend,VAL,-0.4,ADJ
selbstsüchtig,VAL,-0.6,ADJ
Egoismus,VAL,-0.6,NOUN
streng,VAL,-0.4,ADJ
sexy,VAL,0.6,ADJ
Scham,VAL,-0.4,NOUN
beschämt,VAL,-0.4,ADJ
beschämend,VAL,-0.4,ADJ
teilen,VAL,0.2,VERB
zerschmettern,VAL,-0.4,VERB
Scheiße,VAL,-0.8,NOUN
Scheißer,VAL,-0.8,NOUN
bescheißen,VAL,-0.6,VERB
beschissen,VAL,-0.6,ADJ
schockiert,VAL,-0.4,VERB
schießen,VAL,-0.2,VERB
Kurzsichtigkeit,VAL,-0.4,NOUN
Knappheit,VAL,-0.4,NOUN
Engpässe,VAL,-0.4,NOUN
Spitzmaus,VAL,-0.8,NOUN
seufzen,VAL,-0.4,VERB
Bedeutung,VAL,0.2,NOUN
signifikant,VAL,0.2,ADJ
schweigen,VAL,-0.2,VERB
verschwiegen,VAL,-0.2,ADJ
albern,VAL,-0.2,ADJ
aufrichtig,VAL,0.4,ADJ
Aufrichtigkeit,VAL,0.4,NOUN
sündhaft,VAL,-0.6,ADJ
engstirnig,VAL,-0.4,ADJ
Skepsis,VAL,-0.4,NOUN
Skeptiker,VAL,-0.4,NOUN
zuschlagen,VAL,-0.4,VERB
Sklaverei,VAL,-0.6,NOUN
Schlaflosigkeit,VAL,-0.4,NOUN
glatt,VAL,0.4,ADJ
geschmeidig,VAL,0.4,ADJ
träge,VAL,-0.4,ADJ
Schlampe,VAL,-1.0,NOUN
schlau,VAL,0.4,ADJ
klügste,VAL,0.4,ADJ
klug,VAL,0.4,ADJ
schmieren,VAL,-0.4,VERB
Lächeln,VAL,0.4,NOUN
lächeln,VAL,0.4,VERB
lächelnd,VAL,0.4,ADJ
Smog,VAL,-0.4,NOUN
heimtückisch,VAL,-0.2,ADJ
brüskieren,VAL,-0.4,VERB
ernüchternd,VAL,0.2,ADJ
feierlich,VAL,-0.2,ADJ
solidarisch,VAL,0.4,ADJ
Solidarität,VAL,0.4,NOUN
Lösung,VAL,0.2,NOUN
lösen,VAL,0.2,VERB
Mistkerl,VAL,-1.0,NOUN
Kummer,VAL,-0.4,NOUN
kummervoll,VAL,-0.4,ADJ
Spam,VAL,-0.4,NOUN
Spammer,VAL,-0.6,NOUN
Spamming,VAL,-0.4,NOUN
Funke,VAL,0.2,NOUN
funken,VAL,0.6,VERB
funkeln,VAL,0.6,VERB
spekulativ,VAL,-0.4,ADJ
temperamentvoll,VAL,0.4,ADJ
geistlos,VAL,-0.4,ADJ
boshaft,VAL,-0.4,ADJ
prächtig,VAL,0.6,ADJ
rüstig,VAL,0.4,ADJ
stechen,VAL,-0.4,VERB
stabil,VAL,0.4,ADJ
abwürgen,VAL,-0.4,VERB
Hinhalten,VAL,-0.4,NOUN
hinhalten,val,-0.4,VERB
Durchhaltevermögen,VAL,0.4,NOUN
Ansturm,VAL,-0.4,NOUN
aufschrecken,VAL,-0.4,VERB
verhungern,VAL,-0.4,VERB
aushungern,VAL,-0.4,VERB
hungern,VAL,-0.4,VERB
unerschütterlich,VAL,0.4,ADJ
stehlen,VAL,-0.4,VERB
stereotypieren,VAL,-0.4,VERB
stereotypiert,VAL,-0.4,ADJ
erstickt,VAL,-0.2,ADJ
ersticken,VAL,-0.2,VERB
anregen,VAL,0.2,VERB
stimulieren,VAL,0.2,VERB
geizig,VAL,-0.4,ADJ
anhalten,VAL,-0.2,VERB
stoppen,VAL,-0.2,VERB
halten,VAL,-0.2,VERB
dringen,VAL,0.4,VERB
gerade,VAL,0.2,ADJ
sonderbar,VAL,-0.2,ADJ
erdrosseln,VAL,-0.4,VERB
Stärke,VAL,0.4,NOUN
stärken,VAL,0.4,VERB
gestresst,VAL,-0.4,ADJ
Stressor,VAL,-0.4,NOUN
Stress,VAL,-0.4,NOUN
anschlagen,VAL,-0.4,VERB
Streik,VAL,-0.2,NOUN
Streikende,VAL,-0.4,NOUN
stark,VAL,0.4,ADJ
Stärkste,VAL,0.4,NOUN
kämpfen,VAL,-0.4,VERB
hartnäckig,VAL,-0.4,ADJ
festfahren,VAL,-0.4,VERB
festgefahren,VAL,-0.4,ADJ
fassungslos,VAL,-0.4,ADJ
betäuben,VAL,-0.4,VERB
betäubend,VAL,-0.4,ADJ
erheblich,VAL,0.2,ADJ
substanziell,VAL,0.2,ADJ
subversiv,VAL,-0.4,ADJ
erfolgreich,VAL,0.4,ADJ
ätzen,VAL,-0.6,VERB
ätzend,VAL,-0.6,ADJ
leiden,VAL,-0.4,VERB
selbstmörderisch,VAL,-0.6,ADJ
Selbstmord,VAL,-0.8,NOUN
verklagen,VAL,-0.4,VERB
schmollen,VAL,-0.4,ADJ
Sonnenschein,VAL,0.4,NOUN
super,VAL,0.6,ADJ
überlegen,VAL,0.4,VERB
Unterstützer,VAL,0.2,NOUN
überleben,VAL,0.4,VERB
Überlebender,VAL,0.4,NOUN
verdächtig,VAL,-0.2,ADJ
verdächtigen,VAL,-0.2,VERB
suspendieren,VAL,-0.2,VERB
schwören,VAL,-0.4,VERB
süßen,VAL,0.4,VERB
süß,VAL,0.4,ADJ
flink,VAL,0.4,ADJ
zügig,VAL,0.4,ADJ
sympathisch,VAL,0.4,ADJ
Mitleid,VAL,0.4,NOUN
Träne,VAL,-0.4,NOUN
zärtlich,VAL,0.4,ADJ
anspannen,VAL,-0.4,VERB
anspannend,VAL,-0.4,ADJ
Spannung,VAL,-0.2,NOUN
schrecklich,VAL,-0.6,ADJ
terrorisieren,VAL,-0.6,VERB
danken,VAL,0.4,VERB
dornig,VAL,-0.4,ADJ
drohen,VAL,-0.4,VERB
bedrohen,VAL,-0.4,VERB
bedrohlich,VAL,-0.4,ADJ
vereiteln,VAL,-0.4,VERB
müde,VAL,-0.4,ADJ
Titten,VAL,-0.4,NOUN
tolerant,VAL,0.4,ADJ
zahnlos,VAL,-0.4,ADJ
Spitze,VAL,0.4,NOUN
zerreißen,VAL,-0.4,VERB
foltern,VAL,-0.8,VERB
totalitär,VAL,-0.4,ADJ
Totalitarismus,VAL,-0.4,NOUN
toutieren,VAL,-0.4,VERB
anpreisen,VAL,-0.4,VERB
Tragödie,VAL,-0.4,NOUN
tragisch,VAL,-0.4,ADJ
beschaulich,VAL,0.4,ADJ
Falle,VAL,-0.4,NOUN
fangen,VAL,-0.4,VERB
Trauma,VAL,-0.8,NOUN
traumatisch,VAL,-0.8,ADJ
Travestie,VAL,-0.4,NOUN
Verrat,VAL,-0.6,NOUN
verräterisch,VAL,-0.6,ADJ
Schatz,VAL,0.6,NOUN
zittern,VAL,-0.4,VERB
zitternd,VAL,-0.4,ADJ
austricksen,VAL,-0.4,VERB
Trickserei,VAL,-0.4,NOUN
triumphieren,VAL,0.8,VERB
triumphierend,VAL,0.8,ADJ
Triumph,VAL,0.8,NOUN
Mühe,VAL,-0.4,NOUN
wahrhaftig,VAL,0.4,ADJ
vertrauen,VAL,0.2,VERB
vertrauenswürdig,VAL,0.4,ADJ
Tumor,VAL,-0.4,NOUN
hässlich,VAL,-0.6,ADJ
inakzeptabel,VAL,-0.4,ADJ
unfassbar,VAL,-0.2,ADJ
unvoreingenommen,VAL,0.4,ADJ
unklar,VAL,-0.2,ADJ
unbehaglich,VAL,-0.4,ADJ
unbesorgt,VAL,-0.4,ADJ
unbestätigt,VAL,-0.2,VERB
unterschätzen,VAL,-0.2,VERB
untergraben,VAL,-0.4,VERB
unverdient,VAL,-0.4,ADJ
unerwünscht,VAL,-0.4,ADJ
unruhig,VAL,-0.4,ADJ
Arbeitslosigkeit,VAL,-0.4,NOUN
ungleich,VAL,-0.2,ADJ
unethisch,VAL,-0.4,ADJ
unfair,VAL,-0.4,ADJ
unkonzentriert,VAL,-0.4,ADJ
unerfüllt,VAL,-0.4,ADJ
ungesund,VAL,-0.4,ADJ
vereinigen,VAL,0.2,VERB
unbeeindruckt,VAL,-0.4,ADJ
unintelligent,VAL,-0.4,ADJ
einen,VAL,0.2,VERB
ungerecht,VAL,-0.4,ADJ
ungeliebt,VAL,-0.4,ADJ
unangepasst,VAL,0.2,ADJ
unmotiviert,VAL,-0.4,ADJ
unprofessionell,VAL,-0.4,ADJ
ungesichert,VAL,-0.4,ADJ
ungekünstelt,VAL,-0.4,ADJ
unbeständig,VAL,-0.4,ADJ
unaufhaltsam,VAL,0.4,ADJ
ungestützt,VAL,-0.4,ADJ
ungetrübt,VAL,0.4,ADJ
unwürdig,VAL,-0.4,ADJ
nützlich,VAL,0.4,ADJ
Nützlichkeit,VAL,0.4,NOUN
nutzlos,VAL,-0.4,ADJ
Unbrauchbarkeit,VAL,-0.4,NOUN
vage,VAL,-0.4,ADJ
validieren,VAL,0.2,VERB
validiert,VAL,0.2,ADJ
Verdikt,VAL,-0.2,NOUN
Urteil,VAL,-0.2,NOUN
bekräftigen,VAL,0.2,VERB
ärgerlich,VAL,-0.4,ADJ
vibrierend,VAL,0.6,ADJ
bösartig,VAL,-0.4,ADJ
opfern,VAL,-0.6,VERB
viktimisieren,VAL,-0.6,VERB
Opfer,VAL,-0.6,NOUN
wachsam,VAL,0.6,ADJ
schändlich,VAL,-0.6,ADJ
rehabilitieren,VAL,0.4,VERB
verstoßen,VAL,-0.4,VERB
gewalttätig,VAL,-0.6,ADJ
tugendhaft,VAL,0.4,ADJ
visionär,VAL,0.2,ADJ
Vision,VAL,0.2,NOUN
Vitalität,VAL,0.6,NOUN
Vitamin,VAL,0.2,NOUN
vitriolisch,VAL,-0.6,ADJ
wortgewaltig,VAL,-0.2,ADJ
Verletzlichkeit,VAL,-0.4,NOUN
verletzlich,VAL,-0.4,ADJ
Ausstieg,VAL,-0.4,NOUN
Aussteiger,VAL,-0.4,NOUN
Krieg,VAL,-0.8,NOUN
Kriegsführung,VAL,-0.8,NOUN
Wärme,VAL,0.4,NOUN0
Herzlichkeit,VAL,0.6,NOUN
warnen,VAL,-0.4,VERB
Warnung,VAL,-0.6,NOUN
verschwenden,VAL,-0.2,VERB
schwach,VAL,-0.4,ADJ
Schwäche,VAL,-0.4,NOUN
Reichtum,VAL,0.6,NOUN
willkommen,VAL,0.4,ADJ
begrüßen,VAL,0.4,VERB
Hure,VAL,-0.8,NOUN
verrucht,VAL,-0.4,ADJ
verwitwet,VAL,-0.2,ADJ
Bereitschaft,VAL,0.4,NOUN
Gewinner,VAL,0.8,NOUN
Gewinn,VAL,0.6,NOUN
wehmütig,VAL,-0.4,ADJ
jammervoll,VAL,-0.6,ADJ
jammern,VAL,-0.6,VERB
wunderbar,VAL,0.8,ADJ
abnutzen,VAL,-0.2,VERB
besorgt,VAL,-0.6,ADJ
Sorge,VAL,-0.6,NOUN
wertvoll,VAL,0.4,ADJ
wertlos,VAL,-0.4,ADJ
würdig,VAL,0.4,ADJ
zornig,VAL,-0.6,ADJ
Wrack,VAL,-0.4,NOUN
falsch,VAL,-0.4,ADJ
Unrecht,VAL,-0.4,NOUN
jugendlich,VAL,0.4,ADJ
eklig,VAL,0.4,ADJ
lecker,VAL,0.6,ADJ
Eiferer,VAL,-0.4,NOUN